Date_BJT,Top10Count,ExecutedInstances,NoFillCancelled,Wins,Losses,OpenAtDataEnd,GrossPnL_USD,NetPnL_USD,MarginUsed_USD,ReturnOnMarginPct,TP1Count,TP2Count,StopCount,LiqRiskCount,AvgHoldHours,AvgMAE_Pct,AvgMFE_Pct,CumulativeGrossPnL_USD,CumulativeNetPnL_USD,CumulativeMarginUsed_USD,CumulativeROI_Pct,BestSymbol,BestSymbolNetPnL_USD,WorstSymbol,WorstSymbolNetPnL_USD,UniverseUsed,DataCoverage,Status
2026-04-02,10,10,0,4,6,0,72.66072066179908,69.92439030146818,270.0,25.897922333877105,5,3,7,0,11.874999805555555,-1.6955461893141988,7.978803936500758,72.66072066179908,69.92439030146818,270.0,25.897922333877105,TAGUSDT,33.78290929419809,DUSKUSDT,-9.397732402019312,502,universe=502;SURVIVORSHIP_BIAS_CURRENT_527,COMPLETE
2026-04-03,10,6,4,2,4,0,-16.725840657786637,-18.417477737457745,170.0,-10.833810433798673,2,0,6,0,11.333333055555554,-2.7324878196625324,6.308653751637686,55.93488000401244,51.506912564010435,440.0,11.706116491820554,MEUSDT,2.026803196102966,CETUSUSDT,-9.67187379712028,503,universe=503;SURVIVORSHIP_BIAS_CURRENT_527,COMPLETE
2026-04-04,10,9,1,4,5,0,45.61676986893373,43.39396148399927,220.0,19.724527947272396,4,2,7,1,13.555555339506173,-4.4459124643454695,7.9793425181426425,101.55164987294617,94.90087404800971,660.0,14.378920310304503,币安人生USDT,53.66054297713462,SKYAIUSDT,-40.852914613729695,503,universe=503;SURVIVORSHIP_BIAS_CURRENT_527,COMPLETE
2026-04-05,10,9,1,1,8,0,-4.974717006688458,-6.972229648185114,200.0,-3.4861148240925575,0,0,9,0,4.499999722222222,-1.6865202732057618,2.0746014365173155,96.57693286625772,87.92864439982459,860.0,10.224260976723789,DRIFTUSDT,13.653194300687671,ORDIUSDT,-8.159453312534577,504,universe=504;SURVIVORSHIP_BIAS_CURRENT_527,COMPLETE
2026-04-06,10,10,0,3,7,0,-8.341247261705794,-11.137076638074943,280.0,-3.977527370741051,6,0,10,0,16.824999722222223,-1.430357573215968,4.218345427629138,88.23568560455193,76.79156776174965,1140.0,6.736102435241197,1000SATSUSDT,6.094253726152606,BROCCOLI714USDT,-6.466744501308786,504,universe=504;SURVIVORSHIP_BIAS_CURRENT_527,COMPLETE
2026-04-07,10,9,1,3,6,0,41.3094925250758,39.28883777881326,200.0,19.64441888940663,4,3,6,0,7.722222037037038,-2.195572261282946,7.609141658695506,129.54517812962774,116.08040554056291,1340.0,8.662716831385293,XPINUSDT,33.243932351872715,SKYAIUSDT,-13.120121735709798,504,universe=504;SURVIVORSHIP_BIAS_CURRENT_527,COMPLETE
2026-04-08,10,10,0,3,7,0,-9.800219166718197,-12.595319057134839,280.0,-4.498328234691014,5,0,10,0,11.849999722222222,-1.4655096959572878,4.096036145476649,119.74495896290955,103.48508648342806,1620.0,6.387968301446177,TAKEUSDT,6.416460237242942,ALICEUSDT,-7.733505452946138,504,universe=504;SURVIVORSHIP_BIAS_CURRENT_527,COMPLETE
2026-04-09,10,10,0,4,6,0,-12.743646779533316,-15.537274956143552,280.0,-5.5490267700512685,5,1,9,1,15.24999975,-4.4641945577841415,7.1795251829488675,107.00131218337623,87.94781152728451,1900.0,4.628832185646553,BLURUSDT,29.958444751263993,PTBUSDT,-22.144446607130593,504,universe=504;SURVIVORSHIP_BIAS_CURRENT_527,COMPLETE
2026-04-10,10,10,0,3,7,0,16.44496037491847,13.63673789473101,280.0,4.870263533832504,2,1,9,2,9.424999750000001,-3.5393339260229473,5.5247175202918735,123.4462725582947,101.58454942201553,2180.0,4.659841716606216,RAVEUSDT,38.531449109466436,AINUSDT,-8.344784956655339,504,universe=504;SURVIVORSHIP_BIAS_CURRENT_527,COMPLETE
2026-04-11,10,10,0,1,9,0,11.500833068378014,9.295082651843826,220.0,4.225037569019921,2,1,9,0,8.07499975,-1.3181672113303189,3.419823538335483,134.9471056266727,110.87963207385936,2400.0,4.61998466974414,TACUSDT,28.315542830963658,ARBUSDT,-5.397180276159684,504,universe=504;SURVIVORSHIP_BIAS_CURRENT_527,COMPLETE
2026-04-12,10,10,0,3,7,0,14.217370369139934,11.810261683955366,240.0,4.920942368314736,3,1,9,0,7.574999749999999,-2.619142743854308,6.468607800644186,149.16447599581264,122.68989375781472,2640.0,4.647344460523285,DUSKUSDT,21.976370321912015,CFGUSDT,-7.014998931338459,504,universe=504;SURVIVORSHIP_BIAS_CURRENT_527,COMPLETE
2026-04-13,10,9,1,5,4,0,112.0786071921355,109.72256788853942,230.0,47.70546429936496,4,3,6,2,8.30555537037037,-4.8266007627114185,12.061109329210161,261.2430831879481,232.41246164635413,2870.0,8.097995179315474,RAVEUSDT,62.228133445744014,USUSDT,-26.584667481496,504,universe=504;SURVIVORSHIP_BIAS_CURRENT_527,COMPLETE
2026-04-14,10,10,0,2,8,0,52.95658799106621,50.13010969707067,280.0,17.903610606096667,1,2,8,0,11.749999777777777,-2.3849192679246545,6.041942968674507,314.19967117901433,282.5425713434248,3150.0,8.969605439473803,BROCCOLIF3BUSDT,40.015474712601616,PUMPBTCUSDT,-7.343126200382009,504,universe=504;SURVIVORSHIP_BIAS_CURRENT_527,COMPLETE
2026-04-15,10,9,1,2,7,0,7.669797555946764,5.26596265716879,240.0,2.1941511071536626,3,1,8,0,9.055555308641976,-3.692958022759807,8.762380647920892,321.8694687349611,287.8085340005936,3390.0,8.48992725665468,BLESSUSDT,40.88584304747588,JCTUSDT,-11.909013239703167,504,universe=504;SURVIVORSHIP_BIAS_CURRENT_527,COMPLETE
2026-04-16,10,10,0,7,3,0,149.60078299827347,147.32598260677432,220.0,66.96635573035196,6,5,5,0,12.62499986111111,-1.1321275871858372,9.252437581987412,471.4702517332346,435.1345166073679,3610.0,12.05358771765562,MEMEUSDT,34.12365617529917,TREEUSDT,-3.8259734367605533,504,universe=504;SURVIVORSHIP_BIAS_CURRENT_527,COMPLETE
2026-04-17,10,10,0,5,5,0,-143.72166376409746,-146.5498029322154,290.0,-50.53441480421221,3,2,8,1,15.374999777777777,-9.790643111285425,7.9455289637729205,327.74858796913713,288.5847136751525,3900.0,7.399608042952628,PIEVERSEUSDT,49.080867515681334,SIRENUSDT,-234.53108072942092,504,universe=504;SURVIVORSHIP_BIAS_CURRENT_527,COMPLETE
2026-04-18,10,10,0,3,7,0,-6.887902172329407,-9.484458221243244,260.0,-3.647868546632017,6,2,8,0,9.774999777777778,-2.802036047559894,7.052427303494807,320.86068579680773,279.10025545390926,4160.0,6.709140756103587,BELUSDT,14.965409385141408,C98USDT,-11.692509069089144,504,universe=504;SURVIVORSHIP_BIAS_CURRENT_527,COMPLETE
2026-04-19,10,8,2,1,7,0,11.773932738291293,9.868045771922148,190.0,5.193708301011657,1,1,7,0,8.999999756944444,-4.338722753420889,7.2079564712360344,332.63461853509904,288.9683012258314,4350.0,6.642949453467388,CFGUSDT,52.98822962907267,BIOUSDT,-13.341153050310014,504,universe=504;SURVIVORSHIP_BIAS_CURRENT_527,COMPLETE
2026-04-20,10,10,0,6,4,0,107.2170066102654,104.56339810696028,260.0,40.21669157960011,6,3,7,0,12.524999805555556,-2.8654885442658595,10.527893844138642,439.85162514536444,393.5316993327917,4610.0,8.536479378151665,PRLUSDT,47.54573632521459,VELVETUSDT,-9.052801132693565,506,universe=506;SURVIVORSHIP_BIAS_CURRENT_527,COMPLETE
2026-04-21,10,10,0,5,5,0,11.86885588784235,9.062921459898424,280.0,3.236757664249437,2,2,8,0,7.349999777777778,-3.53484156328068,6.650277505658946,451.7204810332068,402.5946207926901,4890.0,8.233018830116363,ONUSDT,47.376423204182394,GWEIUSDT,-18.017446827448495,506,universe=506;SURVIVORSHIP_BIAS_CURRENT_527,COMPLETE
2026-04-22,10,7,3,2,5,0,-2.068743586033523,-3.4677092142405046,140.0,-2.476935153028932,2,1,6,0,9.214285476190474,-2.3740908631976056,4.600488052057334,449.6517374471733,399.12691157844955,5030.0,7.934928659611323,SPKUSDT,14.71557896133764,BSBUSDT,-9.57591340922439,506,universe=506;SURVIVORSHIP_BIAS_CURRENT_527,COMPLETE
2026-04-23,10,10,0,1,9,0,-30.692196685096985,-33.376850586754436,270.0,-12.361796513612754,2,0,10,0,9.324999722222222,-3.062333229002138,5.766186074165907,418.9595407620763,365.75006099169514,5300.0,6.900944547013116,XNYUSDT,10.697972258294667,STRKUSDT,-12.02142762952963,506,universe=506;SURVIVORSHIP_BIAS_CURRENT_527,COMPLETE
2026-04-24,10,10,0,2,8,0,-17.471579081481167,-19.962843291940427,250.0,-7.9851373167761714,1,0,10,0,9.874999722222222,-1.65774401740431,2.220975960928997,401.48796168059516,345.7872176997547,5550.0,6.2304003189145,ZECUSDT,4.497436943533279,DYDXUSDT,-10.146886879399455,506,universe=506;SURVIVORSHIP_BIAS_CURRENT_527,COMPLETE
2026-04-25,10,9,1,3,6,0,37.96910562264197,35.65012106983065,230.0,15.500052639056802,3,1,8,0,16.749999753086417,-2.359926161708746,6.352486178850053,439.4570673032371,381.4373387695854,5780.0,6.599261916428813,PIPPINUSDT,30.811477084013397,AXLUSDT,-4.7611551626313675,506,universe=506;SURVIVORSHIP_BIAS_CURRENT_527,COMPLETE
2026-04-26,10,6,4,2,4,0,2.9109008107348284,1.2094453603294606,170.0,0.711438447252624,3,0,6,0,12.333333055555554,-1.6831093249029927,5.14831152401081,442.3679681139719,382.64678412991486,5950.0,6.431038388738066,JCTUSDT,10.115648274597595,LINEAUSDT,-3.840963878002672,507,universe=507;SURVIVORSHIP_BIAS_CURRENT_527,COMPLETE
2026-04-27,10,10,0,4,6,0,19.364386379483115,16.454704186293377,290.0,5.674035926308061,3,1,9,0,9.999999749999999,-2.205087738601197,5.262567809665422,461.73235449345503,399.10148831620825,6240.0,6.395857184554619,1000LUNCUSDT,32.42497632345503,HMSTRUSDT,-8.922396231636155,507,universe=507;SURVIVORSHIP_BIAS_CURRENT_527,COMPLETE
2026-04-28,10,4,6,2,2,0,3.8053707597018076,2.703468074321957,110.0,2.4576982493835975,1,0,4,0,17.24999972222222,-0.887762147582985,2.818515467914917,465.53772525315685,401.8049563905302,6350.0,6.3276371085122864,COMPUSDT,4.137066463501919,XTZUSDT,-2.510478961433527,507,universe=507;SURVIVORSHIP_BIAS_CURRENT_527,COMPLETE
2026-04-29,10,9,1,0,9,0,-21.324548147298785,-23.813885873225136,250.0,-9.525554349290054,5,0,9,0,10.583333055555556,-1.8601570172566129,3.88336090963605,444.21317710585805,377.99107051730505,6600.0,5.727137432080379,MANTRAUSDT,-0.1599410722736182,INXUSDT,-6.0586787278538825,507,universe=507;SURVIVORSHIP_BIAS_CURRENT_527,COMPLETE
2026-04-30,10,8,2,1,7,0,-29.496308845591635,-31.48156069116884,200.0,-15.74078034558442,2,0,8,0,5.749999722222222,-2.288915818212532,3.4581960095788484,414.71686826026644,346.5095098261362,6800.0,5.0957280856784735,RIVERUSDT,1.1484353474588718,MEGAUSDT,-15.756105321243528,507,universe=507;SURVIVORSHIP_BIAS_CURRENT_527,COMPLETE
2026-05-01,10,10,0,3,7,0,-10.344771467867053,-13.33959908213312,300.0,-4.446533027377707,5,0,10,0,13.999999722222222,-1.1621374861271483,3.890885349197231,404.37209679239936,333.16991074400306,7100.0,4.692533954140888,USUALUSDT,0.9412975249568792,COWUSDT,-3.778849520963565,507,universe=507;SURVIVORSHIP_BIAS_CURRENT_527,COMPLETE
2026-05-02,10,9,1,4,5,0,27.65344418413523,25.639617462043162,200.0,12.819808731021581,3,3,6,1,8.527777592592592,-4.728716756749744,11.919811690066481,432.0255409765346,358.80952820604625,7300.0,4.915199016521181,BABYUSDT,31.103575433747746,SPACEUSDT,-27.235845236841747,507,universe=507;SURVIVORSHIP_BIAS_CURRENT_527,COMPLETE
2026-05-03,10,10,0,3,7,0,-2.7942601832252247,-5.492863053133611,270.0,-2.034393723382819,3,0,10,0,11.324999722222222,-1.5077667026789632,5.223788926539212,429.2312807933094,353.31666515291266,7570.0,4.667327148651422,REZUSDT,11.209358175396968,USTCUSDT,-5.852096234102638,508,universe=508;SURVIVORSHIP_BIAS_CURRENT_527,COMPLETE
2026-05-04,10,9,1,3,6,0,-44.681735515767315,-47.359394648009435,270.0,-17.54051653629979,5,0,9,1,10.63888861111111,-3.516192357707975,5.460988225603717,384.54954527754205,305.95727050490325,7840.0,3.9025162054196842,CATIUSDT,3.9140381113174803,BSBUSDT,-28.58839720526025,508,universe=508;SURVIVORSHIP_BIAS_CURRENT_527,COMPLETE
2026-05-05,10,10,0,3,7,0,-19.07070229275236,-21.961166941605985,290.0,-7.572816186760685,4,1,9,3,11.12499975,-4.670691965626861,7.109322790251454,365.4788429847897,283.99610356329725,8130.0,3.4931870056986134,NOTUSDT,35.73421775658674,DOGSUSDT,-25.816891238142894,508,universe=508;SURVIVORSHIP_BIAS_CURRENT_527,COMPLETE
2026-05-06,10,10,0,7,3,0,48.14928880615444,45.22521416175136,290.0,15.594901435086674,8,1,9,0,18.324999749999996,-0.8372295287762299,6.820770330617788,413.62813179094417,329.2213177250486,8420.0,3.9099918969720737,IOUSDT,28.163069907645184,DYMUSDT,-4.09892411814073,508,universe=508;SURVIVORSHIP_BIAS_CURRENT_527,COMPLETE
2026-05-07,10,10,0,5,5,0,-48.48034860223763,-51.05610842793651,260.0,-19.636964779975578,4,0,10,1,9.224999722222222,-4.242055679693239,5.159520299192479,365.1477831887065,278.1652092971121,8680.0,3.2046683098745627,ICPUSDT,4.271480294050191,LABUSDT,-44.571822689166595,508,universe=508;SURVIVORSHIP_BIAS_CURRENT_527,COMPLETE
2026-05-08,10,10,0,6,4,0,77.79568516846571,75.05678732588147,270.0,27.798810120696842,6,2,8,0,19.299999777777778,-1.7119442488809244,8.656074292436271,442.9434683571722,353.2219966229936,8950.0,3.946614487407749,CETUSUSDT,42.60726585914477,INITUSDT,-6.767490263174359,508,universe=508;SURVIVORSHIP_BIAS_CURRENT_527,COMPLETE
2026-05-09,10,10,0,2,8,0,-5.976892511027027,-8.973904064771514,300.0,-2.991301354923838,4,0,10,0,13.074999722222222,-1.4529250521652726,3.789501903029804,436.9665758461452,344.2480925582221,9250.0,3.721601000629428,TUTUSDT,5.808687896685877,PARTIUSDT,-5.0270764384310445,508,universe=508;SURVIVORSHIP_BIAS_CURRENT_527,COMPLETE
2026-05-10,10,10,0,5,5,0,15.505529851755423,12.697777086829545,280.0,4.534920388153409,5,1,9,0,11.099999749999998,-1.7261278190724205,6.014196108287775,452.4721056979006,356.94586964505163,9530.0,3.745497058185222,TRUTHUSDT,15.93709504831036,LABUSDT,-9.4145708381861,508,universe=508;SURVIVORSHIP_BIAS_CURRENT_527,COMPLETE
2026-05-11,10,9,1,3,6,0,13.771059991953628,11.264174461957648,250.0,4.505669784783059,2,1,8,0,12.416666419753087,-2.7419273197866816,6.568958493457977,466.2431656898542,368.21004410700925,9780.0,3.7649288763497877,HUSDT,33.957465485486935,SPORTFUNUSDT,-14.246823905300484,509,universe=509;SURVIVORSHIP_BIAS_CURRENT_527,COMPLETE
2026-05-12,10,10,0,1,9,0,-24.82752055126042,-27.31510679098479,250.0,-10.926042716393916,2,0,10,0,6.774999722222222,-2.038723240946889,2.784161300732646,441.4156451385938,340.8949373160245,10030.0,3.3987531138187888,RIFUSDT,1.4785630124012794,MOVRUSDT,-8.761273651946807,509,universe=509;SURVIVORSHIP_BIAS_CURRENT_527,COMPLETE
2026-05-13,10,10,0,2,8,0,-11.28166879682078,-14.176027962422372,290.0,-4.888285504283576,4,1,9,0,10.524999750000001,-2.669376379598066,4.198899795983264,430.133976341773,326.7189093536021,10320.0,3.1658809045891676,QUSDT,32.29905963582189,BLURUSDT,-8.171244908497203,509,universe=509;SURVIVORSHIP_BIAS_CURRENT_527,COMPLETE
2026-05-14,10,7,3,1,6,0,8.045028044243944,6.441005530221824,160.0,4.02562845638864,1,1,6,0,6.642856904761905,-2.070531645690884,3.656717837264467,438.17900438601697,333.15991488382394,10480.0,3.1790068214105336,CGPTUSDT,30.34423160072433,FOLKSUSDT,-9.28647431877871,509,universe=509;SURVIVORSHIP_BIAS_CURRENT_527,COMPLETE
2026-05-15,10,10,0,1,9,0,-34.9604465553779,-37.84296633210021,290.0,-13.049298735206968,2,0,10,0,8.399999722222223,-2.094250161066017,2.999477045366812,403.21855783063904,295.3169485517237,10770.0,2.7420329484839714,HOMEUSDT,3.0849046264310522,BBUSDT,-6.550832806224345,509,universe=509;SURVIVORSHIP_BIAS_CURRENT_527,COMPLETE
2026-05-16,10,6,4,2,4,0,23.481440817249897,21.76970009684127,170.0,12.805705939318393,3,0,6,0,18.249999722222224,-1.6910605428507548,8.795082569263764,426.69999864788895,317.086648648565,10940.0,2.89841543554447,NMRUSDT,18.906871854017318,KGENUSDT,-5.337697109799983,509,universe=509;SURVIVORSHIP_BIAS_CURRENT_527,COMPLETE
2026-05-17,10,8,2,2,6,0,70.29538509485089,68.36023740230345,190.0,35.97907231700182,2,2,6,0,7.812499791666666,-2.9957793664433128,6.374778277022106,496.9953837427398,385.44688605086844,11130.0,3.463134645560363,AIAUSDT,60.51390142797739,VELVETUSDT,-8.131675375970111,509,universe=509;SURVIVORSHIP_BIAS_CURRENT_527,COMPLETE
2026-05-18,10,9,1,1,8,0,-22.548073119904036,-25.036799083344086,250.0,-10.014719633337634,2,0,9,2,12.74999972222222,-4.687371336881476,3.985730620603372,474.4473106228358,360.41008696752436,11380.0,3.1670482158833426,TAUSDT,21.53205086193241,FIDAUSDT,-15.597212453901653,511,universe=511;SURVIVORSHIP_BIAS_CURRENT_527,COMPLETE
2026-05-19,10,10,0,3,7,0,44.39718257557447,41.47498398428667,290.0,14.301718615271266,6,1,9,0,19.39999975,-2.055553564803543,8.782509403079334,518.8444931984103,401.88507095181103,11670.0,3.443745252371988,ZECUSDT,31.67917642920511,RONINUSDT,-6.44744901914498,511,universe=511;SURVIVORSHIP_BIAS_CURRENT_527,COMPLETE
2026-05-20,10,10,0,4,6,0,-4.472364915514664,-7.170128733056905,270.0,-2.6556032344655205,4,1,9,1,14.47499975,-3.738052667481243,6.690046323088552,514.3721282828957,394.7149422187541,11940.0,3.3058202865892303,USUSDT,29.288911285971395,BANANAS31USDT,-15.067066484192296,511,universe=511;SURVIVORSHIP_BIAS_CURRENT_527,COMPLETE
2026-05-21,10,9,1,2,7,0,-75.48245572541526,-78.14471449755257,270.0,-28.942486850945397,3,0,9,1,13.194444166666665,-4.017158798146312,5.259628798737734,438.8896725574804,316.57022772120155,12210.0,2.5927127577493985,SOMIUSDT,7.6774460113781045,SWARMSUSDT,-54.90052083988862,511,universe=511;SURVIVORSHIP_BIAS_CURRENT_527,COMPLETE
2026-05-22,10,10,0,2,8,0,-9.189944915976579,-11.985349943518592,280.0,-4.280482122685211,4,0,10,0,11.074999722222222,-1.7918716014279954,5.261228521683006,429.69972764150384,304.58487777768295,12490.0,2.4386299261623936,ALLOUSDT,11.861960197066004,1000000BOBUSDT,-6.535225892141423,511,universe=511;SURVIVORSHIP_BIAS_CURRENT_527,COMPLETE
2026-05-23,10,10,0,3,7,0,6.746703957352715,4.043330605374037,270.0,1.4975298538422361,2,1,9,0,9.499999749999999,-2.6094506462365064,4.51634002552656,436.4464315988566,308.628208383057,12760.0,2.4187163666383777,INUSDT,36.1334100985081,FOLKSUSDT,-12.176610877752378,511,universe=511;SURVIVORSHIP_BIAS_CURRENT_527,COMPLETE
2026-05-24,10,10,0,5,5,0,17.901849963681606,15.092899038699764,280.0,5.390321085249916,6,1,9,0,14.12499975,-1.4445906520794516,5.746569024777721,454.3482815625382,323.72110742175676,13040.0,2.4825238299214476,NILUSDT,15.607357348709307,SHELLUSDT,-5.187531932702607,511,universe=511;SURVIVORSHIP_BIAS_CURRENT_527,COMPLETE
2026-05-25,10,10,0,4,6,0,60.116637879763395,57.28657956082352,280.0,20.459492700294113,5,2,8,0,15.499999777777777,-1.7898643664319134,6.31171448634932,514.4649194423016,381.00768698258025,13320.0,2.860418070439792,TRUTHUSDT,34.32054352900773,HUSDT,-3.7592745542169403,511,universe=511;SURVIVORSHIP_BIAS_CURRENT_527,COMPLETE
2026-05-26,10,8,2,2,6,0,15.123919135748528,13.216357176180656,190.0,6.955977461147714,2,1,7,0,15.499999756944444,-1.6470999354728026,4.322797661105115,529.5888385780502,394.22404415876093,13510.0,2.9180166110937154,BASUSDT,29.536382356096695,BLUAIUSDT,-10.368153340973574,511,universe=511;SURVIVORSHIP_BIAS_CURRENT_527,COMPLETE
2026-05-27,10,7,3,2,5,0,14.302724329113836,12.59557296694928,170.0,7.409160568793695,3,1,6,0,9.571428333333333,-1.8787687962486215,4.775103805426631,543.891562907164,406.81961712571024,13680.0,2.9738276105680574,PLAYUSDT,32.22364304258196,SEIUSDT,-5.687851301435532,511,universe=511;SURVIVORSHIP_BIAS_CURRENT_527,COMPLETE
2026-05-28,10,10,0,3,7,0,7.899498003783907,5.495548254782017,240.0,2.2898117728258405,4,1,9,0,10.999999749999999,-2.5542959478642646,5.5035231194259016,551.791060910948,412.31516538049226,13920.0,2.9620342340552606,SWARMSUSDT,14.307477662055067,XANUSDT,-11.252576272199386,511,universe=511;SURVIVORSHIP_BIAS_CURRENT_527,COMPLETE
2026-05-29,10,9,1,6,3,0,205.99320615674694,203.49020955366856,240.0,84.78758731402857,6,4,5,0,16.72222206790123,-2.167176987624178,13.01277957150972,757.7842670676949,615.8053749341608,14160.0,4.348908015071757,LITUSDT,54.691156638455574,RIFUSDT,-9.696115382814623,511,universe=511;SURVIVORSHIP_BIAS_CURRENT_527,COMPLETE
2026-05-30,10,10,0,0,10,0,-52.84785365682115,-55.721429729992735,290.0,-19.2142861137906,0,0,10,0,9.474999722222222,-3.138986728709596,2.667751078509031,704.9364134108738,560.083945204168,14450.0,3.87601346162054,CELRUSDT,-0.2855936985512547,LABUSDT,-14.879200010273399,511,universe=511;SURVIVORSHIP_BIAS_CURRENT_527,COMPLETE
2026-05-31,10,10,0,2,8,0,12.40205759645999,9.695856567661764,270.0,3.5910579880228757,2,1,9,0,11.54999975,-2.0889517234482615,5.93322421679126,717.3384710073337,569.7798017718297,14720.0,3.8707866968194957,MYXUSDT,30.103653821906484,ZAMAUSDT,-10.89622259683577,511,universe=511;SURVIVORSHIP_BIAS_CURRENT_527,COMPLETE
2026-06-01,10,10,0,2,8,0,-5.838106975587364,-8.53518792209957,270.0,-3.16118071188873,3,0,10,0,6.899999722222222,-1.44794976563983,2.6387168497736146,711.5003640317464,561.2446138497302,14990.0,3.744126843560575,YBUSDT,9.298136551177128,ALTUSDT,-3.141483226429947,512,universe=512;SURVIVORSHIP_BIAS_CURRENT_527,COMPLETE
2026-06-02,10,10,0,2,8,0,-24.498359784440613,-27.08611060454839,260.0,-10.417734847903228,3,0,10,0,9.874999722222222,-3.1615750601804793,4.395464438339764,687.0020042473058,534.1585032451818,15250.0,3.5026787098044707,B2USDT,18.449078636067615,AIAUSDT,-15.51662303235505,512,universe=512;SURVIVORSHIP_BIAS_CURRENT_527,COMPLETE
2026-06-03,10,10,0,3,7,0,65.90860831814753,63.175654013988456,270.0,23.39839037555128,3,2,8,1,14.549999777777776,-3.405183427557494,9.400288917128046,752.9106125654533,597.3341572591703,15520.0,3.8488025596596023,VELVETUSDT,46.6722670480786,APRUSDT,-13.012231270156663,512,universe=512;SURVIVORSHIP_BIAS_CURRENT_527,COMPLETE
2026-06-04,10,10,0,1,9,0,-33.75165086140433,-36.43477503597363,270.0,-13.494361124434679,1,1,9,1,7.22499975,-4.559283884211751,4.468537093872809,719.158961704049,560.8993822231967,15790.0,3.552244345935381,VELVETUSDT,50.77219709158357,CLOUSDT,-29.781868065887174,512,universe=512;SURVIVORSHIP_BIAS_CURRENT_527,COMPLETE
2026-06-05,10,9,1,0,9,0,-60.55531609487148,-62.925038436824046,240.0,-26.218766015343352,0,0,9,0,7.055555277777778,-3.36842939565302,3.0966301613936174,658.6036456091775,497.97434378637263,16030.0,3.106514933165144,BTCDOMUSDT,-0.10624812438877868,HOMEUSDT,-17.033393536103432,513,universe=513;SURVIVORSHIP_BIAS_CURRENT_527,COMPLETE
2026-06-06,10,10,0,4,6,0,90.20544768760821,87.56034496376441,260.0,33.677055755294006,4,3,7,1,16.849999805555555,-4.588425345829089,10.387046797830356,748.8090932967857,585.5346887501371,16290.0,3.5944425337638863,GWEIUSDT,46.61531111217471,HOMEUSDT,-22.357556227694214,513,universe=513;SURVIVORSHIP_BIAS_CURRENT_527,COMPLETE
2026-06-07,10,10,0,5,5,0,23.632565232441834,20.720748949825616,290.0,7.145085844767454,6,1,9,0,16.449999749999996,-2.41708298289514,7.26742014944336,772.4416585292275,606.2554376999627,16580.0,3.656546668877941,BSBUSDT,33.039673346524644,GUAUSDT,-16.30665288825334,513,universe=513;SURVIVORSHIP_BIAS_CURRENT_527,COMPLETE
2026-06-08,10,10,0,6,4,0,18.69316133441063,15.88381475374342,280.0,5.672790983479794,5,1,9,1,11.07499975,-2.9848281974833104,6.791355389085881,791.1348198636382,622.1392524537061,16860.0,3.690031153343453,BLESSUSDT,37.69390244018428,PIPPINUSDT,-28.49579930585484,515,universe=515;SURVIVORSHIP_BIAS_CURRENT_527,COMPLETE
2026-06-09,10,10,0,2,8,0,-19.772681237836984,-22.562794897218065,280.0,-8.058141034720737,5,1,9,0,10.94999975,-3.270294993404714,8.366224553276236,771.3621386258012,599.5764575564881,17140.0,3.498112354471926,SLXUSDT,31.212595107467664,4USDT,-20.763766135067794,515,universe=515;SURVIVORSHIP_BIAS_CURRENT_527,COMPLETE
2026-06-10,10,9,1,3,6,0,53.75080719075637,51.12393178716099,260.0,19.663050687369612,3,2,7,1,12.361110895061728,-3.2967757629032786,7.7356480811058645,825.1129458165576,650.7003893436491,17400.0,3.7396574100209716,STGUSDT,59.68187005397638,EVAAUSDT,-26.736961092016685,515,universe=515;SURVIVORSHIP_BIAS_CURRENT_527,COMPLETE
2026-06-11,10,10,0,4,6,0,52.17328646534251,49.44719982210983,270.0,18.313777711892527,2,2,8,0,9.699999777777778,-3.558880237518153,8.817413765410944,877.2862322819001,700.147589165759,17670.0,3.9623519477405713,EPICUSDT,48.78268466213074,龙虾USDT,-13.555671004804767,515,universe=515;SURVIVORSHIP_BIAS_CURRENT_527,COMPLETE
2026-06-12,10,10,0,6,4,0,68.10466569093671,65.47061335809124,260.0,25.181005137727404,5,2,8,0,9.674999777777778,-2.018917562441014,6.196240379365188,945.3908979728368,765.6182025238502,17930.0,4.270040170238986,STGUSDT,41.0434997926662,PIPPINUSDT,-6.766471390086846,515,universe=515;SURVIVORSHIP_BIAS_CURRENT_527,COMPLETE
2026-06-13,10,10,0,5,5,0,14.314157328079991,11.90700024941595,240.0,4.961250103923312,4,1,9,0,11.79999975,-1.5681942361480883,4.596100015642472,959.7050553009168,777.5252027732662,18170.0,4.279170075802235,RIFUSDT,16.049373589723277,MORPHOUSDT,-5.393492769120937,515,universe=515;SURVIVORSHIP_BIAS_CURRENT_527,COMPLETE
2026-06-14,10,10,0,1,9,0,-15.155136454806781,-17.747558886579377,260.0,-6.825984187145914,2,0,10,0,11.349999722222222,-2.074022066918527,2.5652525431007955,944.54991884611,759.7776438866869,18430.0,4.122504850171931,KAITOUSDT,17.45858143627837,RIFUSDT,-23.241589112891095,515,universe=515;SURVIVORSHIP_BIAS_CURRENT_527,COMPLETE
2026-06-15,10,10,0,2,8,0,-10.629865137122986,-13.624550204554424,300.0,-4.5415167348514744,5,0,10,0,14.074999722222222,-1.2550553101445083,2.9983285650469527,933.920053708987,746.1530936821324,18730.0,3.9837324809510544,RVNUSDT,2.9542944606425374,MINAUSDT,-3.484521413932703,515,universe=515;SURVIVORSHIP_BIAS_CURRENT_527,COMPLETE
2026-06-16,10,8,2,1,7,0,12.50588343579149,10.299630494073595,220.0,4.681650224578907,1,1,7,0,5.249999756944445,-3.647421917193326,3.7459890616875047,946.4259371447785,756.452724176206,18950.0,3.9918349560749653,VELVETUSDT,60.44437980805858,AIOUSDT,-19.133690587370317,515,universe=515;SURVIVORSHIP_BIAS_CURRENT_527,COMPLETE
2026-06-17,10,10,0,0,10,0,-47.95032382350839,-50.72634866159664,280.0,-18.11655309342737,2,0,10,0,8.599999722222222,-2.4972154283421886,3.3759074509837506,898.4756133212701,705.7263755146093,19230.0,3.669923949633954,SYNUSDT,-0.2553379293855138,BLESSUSDT,-13.356727356017442,515,universe=515;SURVIVORSHIP_BIAS_CURRENT_527,COMPLETE
2026-06-18,10,9,1,4,5,0,22.119606445604735,19.80854664238193,230.0,8.612411583644318,2,3,6,1,5.861110925925925,-4.993791251396714,9.08857490176349,920.5952197668748,725.5349221569912,19460.0,3.7283397849794,CLOUSDT,39.16750439864791,BSBUSDT,-28.363941527583897,515,universe=515;SURVIVORSHIP_BIAS_CURRENT_527,COMPLETE
2026-06-19,10,7,3,0,7,0,-12.731322503372011,-14.124956842120325,140.0,-10.089254887228803,1,0,7,0,5.499999722222222,-1.52863630020788,0.7551491767486184,907.8638972635028,711.4099653148709,19600.0,3.6296426801779127,TRXUSDT,-0.5403213282411004,TURBOUSDT,-5.297748081046881,515,universe=515;SURVIVORSHIP_BIAS_CURRENT_527,COMPLETE
2026-06-20,10,10,0,2,8,0,-28.754513481297963,-31.440136224557314,270.0,-11.64449489798419,3,1,9,2,15.22499975,-5.141142304878975,6.736254497809542,879.1093837822049,679.9698290903135,19870.0,3.4220927483156194,CLOUSDT,33.601866379980265,SYNUSDT,-24.782252037285897,515,universe=515;SURVIVORSHIP_BIAS_CURRENT_527,COMPLETE
2026-06-21,10,10,0,4,6,0,7.012971869332134,4.109465383397466,290.0,1.4170570287577469,4,0,10,0,18.87499972222222,-0.7539883562784233,2.6572698669860673,886.122355651537,684.079294473711,20160.0,3.3932504686195983,SPKUSDT,7.514206790408706,CRVUSDT,-3.054766430676901,515,universe=515;SURVIVORSHIP_BIAS_CURRENT_527,COMPLETE
2026-06-22,10,8,2,3,5,0,0.5500806769216311,-1.6501943634168312,220.0,-0.7500883470076505,3,1,7,0,12.624999756944444,-3.185142948153172,6.307400054457729,886.6724363284586,682.4291001102941,20380.0,3.3485235530436412,MMTUSDT,33.90934900488836,LABUSDT,-18.480179842152417,516,universe=516;SURVIVORSHIP_BIAS_CURRENT_527,COMPLETE
2026-06-23,10,9,1,1,8,0,-29.460451002302197,-31.945720776801046,250.0,-12.778288310720418,3,0,9,0,6.555555277777778,-2.16494218857457,5.06349081744637,857.2119853261564,650.4833793334931,20630.0,3.15309442236303,INXUSDT,3.4089752474122768,FOLKSUSDT,-11.349121564967609,516,universe=516;SURVIVORSHIP_BIAS_CURRENT_527,COMPLETE
2026-06-24,10,8,2,1,7,0,-20.961936100048952,-22.65145513199893,170.0,-13.324385371764075,1,0,8,0,7.468749722222222,-1.928115985284755,2.2553664933921276,836.2500492261074,627.8319242014942,20800.0,3.0184227125071836,AVNTUSDT,0.3153407434500056,ARIAUSDT,-6.48167270339854,516,universe=516;SURVIVORSHIP_BIAS_CURRENT_527,COMPLETE
2026-06-25,10,2,8,1,1,0,15.742610401075044,15.134739095874504,60.0,25.224565159790842,1,0,2,0,18.37499972222222,-1.6078947736947458,9.573184486671982,851.9926596271824,642.9666632973687,20860.0,3.0822946466796197,1000RATSUSDT,21.056904086358276,HOMEUSDT,-5.922164990483772,516,universe=516;SURVIVORSHIP_BIAS_CURRENT_527,COMPLETE
2026-06-26,10,8,2,1,7,0,-49.52015288128969,-51.395392804849045,190.0,-27.050206739394234,1,0,8,1,9.312499722222222,-4.514780105409326,4.767336341597475,802.4725067458927,591.5712704925196,21050.0,2.8103148241924925,ESPUSDT,9.411311980249888,AINUSDT,-38.07712272251028,516,universe=516;SURVIVORSHIP_BIAS_CURRENT_527,COMPLETE
2026-06-27,10,10,0,1,9,0,-89.48921510778491,-92.44447050023102,300.0,-30.814823500077004,2,0,10,1,9.674999722222221,-4.327283494268184,4.071548391181041,712.9832916381077,499.12679999228857,21350.0,2.337830444928752,STABLEUSDT,6.966945201980121,BEATUSDT,-40.415345419932116,517,universe=517;SURVIVORSHIP_BIAS_CURRENT_527,COMPLETE
2026-06-28,10,9,1,3,6,0,-9.180726617299975,-11.676136253991325,250.0,-4.67045450159653,4,1,8,0,10.527777530864197,-1.7854199695974842,6.54551968192275,703.8025650208077,487.45066373829724,21600.0,2.25671603582545,ZEREBROUSDT,14.475261834280595,MYXUSDT,-9.725471355925626,518,universe=518;SURVIVORSHIP_BIAS_CURRENT_527,COMPLETE
2026-06-29,10,8,2,2,6,0,-58.657779483217354,-61.028450593475746,240.0,-25.428521080614896,2,0,8,0,9.499999722222222,-3.7511733255385913,4.051926704149775,645.1447855375903,426.4222131448215,21840.0,1.9524826609195123,MOVRUSDT,5.803499908342098,BEATUSDT,-21.52144726249478,518,universe=518;SURVIVORSHIP_BIAS_CURRENT_527,COMPLETE
2026-06-30,10,10,0,3,7,0,3.9098161838607126,1.3078612757687835,260.0,0.5030235676033783,5,1,9,0,10.82499975,-2.1499777710855175,6.06601918292845,649.054601721451,427.7300744205903,22100.0,1.935430200998146,ESPUSDT,13.930704363963626,CTRUSDT,-6.182377353698486,518,universe=518;SURVIVORSHIP_BIAS_CURRENT_527,COMPLETE
2026-07-01,10,9,1,4,5,0,23.332684755508343,20.921018413130582,240.0,8.717091005471076,4,1,8,1,9.722221975308642,-4.152501690957863,9.706196228798035,672.3872864769594,448.6510928337209,22340.0,2.0082860019414546,TAIKOUSDT,35.75561508089355,BASEDUSDT,-39.6662848790822,519,universe=519;SURVIVORSHIP_BIAS_CURRENT_527,COMPLETE
2026-07-02,10,10,0,4,6,0,-71.64187337791495,-74.406052441226,280.0,-26.57359015758071,3,0,10,1,20.274999722222223,-5.286274933561067,8.292766328407339,600.7454130990444,374.2450403924949,22620.0,1.6544873580570065,ELSAUSDT,15.187215293079584,TAIKOUSDT,-99.94837031379448,519,universe=519;SURVIVORSHIP_BIAS_CURRENT_527,COMPLETE
2026-07-03,10,9,1,5,4,0,39.26379725281224,36.84416535418583,240.0,15.351735564244098,6,1,8,0,18.277777530864196,-1.0212057085606747,4.8087988436049915,640.0092103518566,411.0892057466807,22860.0,1.7982904888306241,MIRAUSDT,30.85466911512451,HANAUSDT,-5.269821975970849,519,universe=519;SURVIVORSHIP_BIAS_CURRENT_527,COMPLETE
2026-07-04,10,10,0,3,7,0,-5.8654950218264705,-8.862562274315557,300.0,-2.9541874247718525,3,0,10,0,10.999999722222222,-1.2491295935375746,3.658107555268977,634.1437153300301,402.22664347236514,23160.0,1.736729894094841,ZILUSDT,5.3623524914063205,HUMAUSDT,-4.792162105530207,519,universe=519;SURVIVORSHIP_BIAS_CURRENT_527,COMPLETE
2026-07-05,10,10,0,2,8,0,-20.13542190461052,-22.925354193658215,280.0,-8.187626497735078,2,0,10,0,9.299999722222221,-2.0377262282121054,2.118252442831441,614.0082934254195,379.3012892787069,23440.0,1.6181795617692274,WLFIUSDT,6.661771655790612,CLOUSDT,-8.494558470188286,519,universe=519;SURVIVORSHIP_BIAS_CURRENT_527,COMPLETE
2026-07-06,10,10,0,1,9,0,-34.25388977223372,-37.236762827347604,300.0,-12.412254275782535,2,0,10,0,10.724999722222222,-2.2647789725351477,3.5272714059480337,579.7544036531858,342.0645264513593,23740.0,1.4408783759534933,PYTHUSDT,8.933631410073165,METUSDT,-12.095020342774731,520,universe=520;SURVIVORSHIP_BIAS_CURRENT_527,COMPLETE
2026-07-07,10,10,0,2,8,0,-34.86623620204718,-37.34880308394616,250.0,-14.939521233578462,2,0,10,0,5.674999722222222,-2.3416031891931057,2.8212811026976237,544.8881674511387,304.71572336741315,23990.0,1.270178088234319,JTOUSDT,2.525527064175615,TRIAUSDT,-21.729913804236375,521,universe=521;SURVIVORSHIP_BIAS_CURRENT_527,COMPLETE
2026-07-08,10,5,5,0,5,0,-13.02785921773867,-14.1213452881298,110.0,-12.837586625572547,0,0,5,0,6.349999722222222,-2.4518804378110715,1.7232155109170222,531.8603082334,290.59437807928333,24100.0,1.205785801158852,BTCDOMUSDT,-0.03728253401026482,AGLDUSDT,-6.803180066976558,521,universe=521;SURVIVORSHIP_BIAS_CURRENT_527,COMPLETE
2026-07-09,10,10,0,2,8,0,-23.474841043399547,-26.263103622877846,280.0,-9.379679865313516,3,0,10,0,13.224999722222222,-2.14101118407907,4.776246114298015,508.3854671900005,264.3312744564055,24380.0,1.0842135949811547,AWEUSDT,4.062135435320095,BLUAIUSDT,-12.493996197113782,521,universe=521;SURVIVORSHIP_BIAS_CURRENT_527,COMPLETE
2026-07-10,10,10,0,3,7,0,0.5206217663429591,-2.2796385445402105,280.0,-0.8141566230500752,2,1,9,0,12.44999975,-2.7011075491122494,6.342410051422209,508.90608895634347,262.0516359118653,24660.0,1.0626587019945875,LABUSDT,19.88999999999999,ESPORTSUSDT,-10.645780258961585,521,universe=521;SURVIVORSHIP_BIAS_CURRENT_527,COMPLETE
2026-07-11,10,9,1,1,8,0,-18.90694839213423,-21.497494917938162,260.0,-8.268267276130063,3,0,9,0,10.111110833333333,-1.3238212968795386,3.230637712574897,489.99914056420926,240.55414099392712,24920.0,0.9653055417091778,FLUIDUSDT,3.9427865837063436,RECALLUSDT,-6.121681272494373,521,universe=521;SURVIVORSHIP_BIAS_CURRENT_527,COMPLETE
2026-07-12,10,9,1,1,8,0,-17.981887217055107,-20.472896273446576,250.0,-8.18915850937863,2,1,8,0,8.694444197530864,-2.7433558573041044,4.4992524793267625,472.01725334715417,220.08124472048056,25170.0,0.8743792003197479,FHEUSDT,31.240049475769105,GWEIUSDT,-18.798718647112196,521,universe=521;SURVIVORSHIP_BIAS_CURRENT_527,COMPLETE
2026-07-13,10,10,0,2,8,0,22.11317366966317,19.30211708282834,280.0,6.8936132438672635,2,1,9,0,6.499999750000001,-2.323620779085993,2.895127070559904,494.13042701681735,239.3833618033089,25450.0,0.9406026004059289,DODOXUSDT,57.63073703040059,COLLECTUSDT,-7.364975145056345,521,universe=521;SURVIVORSHIP_BIAS_CURRENT_527,COMPLETE
2026-07-14,10,10,0,4,6,0,-18.646823138833188,-21.23749972726377,260.0,-8.168269125870681,2,0,10,0,10.849999722222222,-2.3333258457962947,2.9577745755534957,475.48360387798414,218.14586207604512,25710.0,0.8484864335902182,FOLKSUSDT,14.062626706077298,ZBTUSDT,-26.559407238247836,521,universe=521;SURVIVORSHIP_BIAS_CURRENT_527,COMPLETE
2026-07-15,10,10,0,5,5,0,16.236382363855604,13.428264172673675,280.0,4.7958086330977405,6,1,9,0,11.674999750000001,-0.9204848209113214,3.843876456310005,491.71998624183976,231.57412624871878,25990.0,0.8910124134233119,FFUSDT,14.115616488040168,STABLEUSDT,-3.7809027192613653,521,universe=521;SURVIVORSHIP_BIAS_CURRENT_527,COMPLETE
2026-07-16,10,9,1,2,7,0,-16.385247904339472,-18.777055280387305,240.0,-7.82377303349471,4,0,9,0,12.361110833333333,-1.470431039125887,3.383184387393815,475.3347383375003,212.79707096833147,26230.0,0.8112736216863571,BROCCOLIF3BUSDT,3.053711886370951,MYXUSDT,-6.079114088806318,521,universe=521;SURVIVORSHIP_BIAS_CURRENT_527,COMPLETE
2026-07-17,10,10,0,1,9,0,-31.304435894914086,-33.48878367696663,220.0,-15.222174398621194,1,0,10,0,3.974999722222222,-3.1656843859971207,3.142534664032832,444.0303024425862,179.30828729136485,26450.0,0.6779141296459918,BULLAUSDT,14.00811582132,RAVEUSDT,-13.295124764806676,521,universe=521;SURVIVORSHIP_BIAS_CURRENT_527,COMPLETE
2026-07-18,10,9,1,0,9,0,-16.42835719391355,-18.52014301531659,210.0,-8.81911572157933,0,0,9,0,7.472221944444444,-1.359714123952628,1.6467121203340904,427.6019452486727,160.78814427604826,26660.0,0.6031063176145846,DEXEUSDT,-0.36275467092291913,TUTUSDT,-6.587486187169704,521,universe=521;SURVIVORSHIP_BIAS_CURRENT_527,COMPLETE
2026-07-19,10,10,0,0,10,0,-29.579090221242996,-32.36430067613237,280.0,-11.558678812904418,1,0,10,0,7.749999722222222,-1.4042906895242668,1.0308989284896453,398.02285502742967,128.42384359991587,26940.0,0.4767032056418555,VVVUSDT,-0.2531232950932949,COLLECTUSDT,-10.13708836255603,521,universe=521;SURVIVORSHIP_BIAS_CURRENT_527,COMPLETE
2026-07-20,10,10,0,0,10,0,-39.36786060438395,-42.24817667408176,290.0,-14.568336784166124,0,0,10,0,4.024999722222222,-1.6824005982403378,1.68513626245556,358.6549944230457,86.17566692583411,27230.0,0.31647325349186234,PUMPUSDT,-1.6091140319413162,ZEREBROUSDT,-10.625226157711595,521,universe=521;SURVIVORSHIP_BIAS_CURRENT_527,COMPLETE
2026-07-21,10,10,0,4,6,0,-11.31567739271588,-14.310019554019522,300.0,-4.770006518006507,5,0,10,0,11.099999722222222,-1.392856255842867,2.757989018763125,347.3393170303298,71.86564737181459,27530.0,0.2610448506059375,EULUSDT,2.8958148968255855,PTBUSDT,-9.553689780150592,521,universe=521;SURVIVORSHIP_BIAS_CURRENT_527,COMPLETE
2026-07-22,10,10,0,2,8,0,-15.396826165709818,-17.889127752626962,250.0,-7.155651101050784,0,0,10,0,6.524999722222222,-1.4060025532382736,1.6245601496346462,331.94249086462,53.97651961918763,27780.0,0.19429992663494466,PLUMEUSDT,0.551142210302227,REUSDT,-3.7408662143822458,521,universe=521;SURVIVORSHIP_BIAS_CURRENT_527,COMPLETE
2026-07-23,10,10,0,2,8,0,-52.90420751737455,-55.277755413615864,240.0,-23.03239808900661,5,1,9,1,9.79999975,-4.365499873795196,5.621329212180595,279.03828334724545,-1.3012357944282371,28020.0,-0.004643953584683216,ONUSDT,16.143618734144372,BROCCOLIF3BUSDT,-59.099198966596155,521,universe=521;SURVIVORSHIP_BIAS_CURRENT_527,COMPLETE
2026-07-24,10,8,2,3,5,0,-22.78011093164609,-25.068720876180265,230.0,-10.89944385920881,4,0,8,1,13.437499722222222,-3.301977628858348,5.806727395778788,256.25817241559935,-26.369956670608502,28250.0,-0.09334497936498584,APRUSDT,7.669051496801283,ESPORTSUSDT,-15.603265549943906,521,universe=521;SURVIVORSHIP_BIAS_CURRENT_527,COMPLETE
2026-07-25,10,10,0,3,7,0,4.186130749602988,1.684037684228189,250.0,0.6736150736912756,4,1,9,1,11.099999749999998,-2.288579791419928,4.686558384910063,260.4443031652023,-24.68591898638031,28500.0,-0.08661725960133443,EULUSDT,18.966280150709096,SLXUSDT,-19.958468152084702,521,universe=521;SURVIVORSHIP_BIAS_CURRENT_527,COMPLETE
2026-07-26,10,10,0,1,9,0,-52.64185390927516,-55.615532982320524,300.0,-18.53851099410684,2,0,10,0,10.499999722222222,-2.8993246476358547,3.92106862969329,207.80244925592714,-80.30145196870083,28800.0,-0.2788244860024334,LTCUSDT,2.265395891232767,EULUSDT,-22.1314082335375,521,universe=521;SURVIVORSHIP_BIAS_CURRENT_527,COMPLETE
2026-07-27,10,9,1,1,8,0,-14.527871398536066,-17.2206074628368,270.0,-6.37800276401363,6,0,9,0,6.805555277777778,-1.2473987404317315,1.87777001370542,193.27457785739108,-97.52205943153763,29070.0,-0.33547320065888414,BRUSDT,0.7031394968599216,1000BONKUSDT,-3.68958788419441,521,universe=521;SURVIVORSHIP_BIAS_CURRENT_527,COMPLETE
2026-07-28,10,9,1,3,6,0,7.746738616292362,5.5428652469842135,220.0,2.5194842031746423,3,1,8,0,9.055555308641976,-4.0561126925178455,6.247121703910867,201.02131647368344,-91.97919418455342,29290.0,-0.31402934170212843,SOONUSDT,34.822391156101354,PHAROSUSDT,-10.728587087007256,521,universe=521;SURVIVORSHIP_BIAS_CURRENT_527,COMPLETE
2026-07-29,10,9,1,2,7,0,-52.68643418374331,-54.460090966651435,180.0,-30.25560609258413,2,1,8,2,4.388888641975309,-4.1002308325167895,5.261991500081612,148.33488228994014,-146.43928515120484,29470.0,-0.4969096883312007,BEATUSDT,16.7649050769628,RIFUSDT,-39.60626537456233,521,universe=521;SURVIVORSHIP_BIAS_CURRENT_527,COMPLETE
2026-07-30,10,10,0,3,7,0,26.918368158142155,24.604908974063086,230.0,10.69778651046221,2,1,9,0,13.82499975,-1.962133466486695,5.329488675191046,175.2532504480823,-121.83437617714176,29700.0,-0.41021675480519115,MMTUSDT,29.28430244444679,ACHUSDT,-8.12610181394809,521,universe=521;SURVIVORSHIP_BIAS_CURRENT_527,COMPLETE
2026-07-31,10,10,0,2,8,0,-21.17913550083787,-24.06854593308745,290.0,-8.299498597616362,1,0,10,0,9.749999722222222,-1.7518037197459002,2.4189455495458345,154.07411494724442,-145.9029221102292,29990.0,-0.48650524211480234,PRLUSDT,9.436674730332438,FLOWUSDT,-8.450894121252686,521,universe=521;SURVIVORSHIP_BIAS_CURRENT_527,COMPLETE
2026-08-01,10,10,0,0,10,0,-43.62939136695047,-46.30757667126699,270.0,-17.15095432269148,3,0,10,0,8.524999722222223,-4.347019305481613,7.44093100669303,110.44472358029395,-192.2104987814962,30260.0,-0.6351966251867026,EPICUSDT,-0.10655710818080359,PTBUSDT,-14.314875090901017,521,universe=521;SURVIVORSHIP_BIAS_CURRENT_527,COMPLETE
2026-08-02,10,9,1,4,5,0,74.876741460271,72.53930308954087,230.0,31.538827430235163,3,2,7,1,5.777777561728395,-4.033006653281816,5.6706459335734785,185.32146504056496,-119.67119569195533,30490.0,-0.392493262354724,AKEUSDT,60.58648639544559,HOMEUSDT,-14.63322282474227,521,universe=521;SURVIVORSHIP_BIAS_CURRENT_527,COMPLETE
2026-08-03,10,10,0,3,7,0,56.56944046445364,53.94115574422141,260.0,20.74659836316208,4,2,8,1,5.849999777777778,-3.237164172020079,5.180249747431239,241.8909055050186,-65.73003994773393,30750.0,-0.21375622747230547,1000RATSUSDT,61.10655685755631,PRLUSDT,-6.826644689119992,521,universe=521;SURVIVORSHIP_BIAS_CURRENT_527,COMPLETE
2026-08-04,10,10,0,2,8,0,-43.42904734183823,-45.80733281816731,240.0,-19.086388674236378,1,0,10,0,5.724999722222222,-3.0948496469158404,2.094652987905803,198.46185816318035,-111.53737276590124,30990.0,-0.3599140779796749,OUSDT,1.9970664153690836,RECALLUSDT,-24.77184902560115,522,universe=522;SURVIVORSHIP_BIAS_CURRENT_527,COMPLETE
2026-08-05,10,9,1,4,5,0,9.682730639354306,7.077889274034629,260.0,2.722265105397934,6,0,9,0,17.555555277777778,-1.418888894116467,6.042043946928856,208.14458880253466,-104.4594834918666,31250.0,-0.33427034717397314,CVXUSDT,13.39106589515078,KGENUSDT,-5.9073787251083285,522,universe=522;SURVIVORSHIP_BIAS_CURRENT_527,COMPLETE
2026-08-06,10,10,0,2,8,0,-37.77101952467137,-40.352134014909026,260.0,-15.520051544195779,3,0,10,1,8.074999722222222,-2.778640198495641,4.252299960792827,170.37356927786328,-144.81161750677563,31510.0,-0.4595735242995101,JCTUSDT,7.367703892653749,ZBTUSDT,-29.597154545661905,522,universe=522;SURVIVORSHIP_BIAS_CURRENT_527,COMPLETE
2026-08-07,10,9,1,4,5,0,-56.117701582512844,-58.189642731721584,210.0,-27.709353681772182,3,2,7,2,14.611110895061728,-5.094019411245079,6.63399884653797,114.25586769535045,-203.00126023849722,31720.0,-0.6399787523281754,ALLOUSDT,15.38634202870106,GWEIUSDT,-60.59475033066258,522,universe=522;SURVIVORSHIP_BIAS_CURRENT_527,COMPLETE
2026-08-08,10,8,2,2,6,0,-3.9769678402642104,-6.074979356344079,210.0,-2.892847312544799,3,0,8,0,14.37499972222222,-1.4287741487341632,4.123090593925613,110.27889985508624,-209.0762395948413,31930.0,-0.6547956141398099,SIGNUSDT,4.005674090426943,MMTUSDT,-5.767227267910937,522,universe=522;SURVIVORSHIP_BIAS_CURRENT_527,COMPLETE
2026-08-09,10,10,0,5,5,0,98.18837641646897,95.43928222826074,270.0,35.34788230676323,6,3,7,1,12.299999805555554,-3.7065613544268508,14.902970892388803,208.4672762715552,-113.63695736658056,32200.0,-0.35290980548627504,TUTUSDT,46.359653755358885,TRADOORUSDT,-17.948710270936104,522,universe=522;SURVIVORSHIP_BIAS_CURRENT_527,COMPLETE
2026-08-10,10,9,1,0,9,0,-138.9870529070726,-141.31755938061906,240.0,-58.88231640859127,1,0,9,2,4.222221944444445,-8.393544407298162,5.573991578594528,69.48022336448258,-254.95451674719962,32440.0,-0.7859263771491973,BTRUSDT,-0.7438453998039423,XANUSDT,-81.51108889306069,522,universe=522;SURVIVORSHIP_BIAS_CURRENT_527,COMPLETE
2026-08-11,10,10,0,3,7,0,-123.70290535035991,-126.54105389768473,290.0,-43.63484617161543,4,1,9,2,10.94999975,-8.41938961636304,7.374669382509768,-54.22268198587733,-381.49557064488437,32730.0,-1.1655837783222867,MITOUSDT,28.17005724086419,BLUAIUSDT,-112.65526166312242,522,universe=522;SURVIVORSHIP_BIAS_CURRENT_527,COMPLETE
2026-08-12,10,7,3,0,7,0,-10.097059841056065,-11.79201131113554,170.0,-6.936477241844435,1,0,7,0,8.821428293650794,-0.9402905659651057,1.4862686889070156,-64.3197418269334,-393.2875819560199,32900.0,-1.1954029846687535,LDOUSDT,-0.42696790022490844,RENDERUSDT,-2.938349793026395,522,universe=522;SURVIVORSHIP_BIAS_CURRENT_527,COMPLETE
2026-08-13,10,10,0,4,6,0,85.36192076058894,82.71923980020865,260.0,31.815092230849483,5,3,7,0,6.524999805555555,-2.7035003818920766,9.16148333410587,21.04217893365555,-310.56834215581125,33160.0,-0.9365752175989484,AVAAIUSDT,53.970270656350976,CYSUSDT,-13.154304011143145,522,universe=522;SURVIVORSHIP_BIAS_CURRENT_527,COMPLETE
2026-08-14,10,5,5,0,5,0,-18.728278448968357,-19.81891430974387,110.0,-18.01719482703988,1,0,5,0,4.699999722222222,-2.065567635346919,2.492005673211511,2.313900484687192,-330.38725646555514,33270.0,-0.9930485616638267,TOSHIUSDT,-0.25302203288291025,SYNUSDT,-8.790498287741833,522,universe=522;SURVIVORSHIP_BIAS_CURRENT_527,COMPLETE
2026-08-15,10,10,0,5,5,0,-9.22622511406935,-12.121612001512318,290.0,-4.179866207418041,6,0,10,1,21.599999722222222,-3.009195118112518,5.787999261631005,-6.912324629382159,-342.5088684670675,33560.0,-1.020586616409617,CETUSUSDT,17.768014591925827,ROBOUSDT,-35.30605065220451,523,universe=523;SURVIVORSHIP_BIAS_CURRENT_527,COMPLETE
2026-08-16,10,9,1,5,4,0,92.17958535511782,89.83349556244026,230.0,39.05804154888707,6,2,7,0,14.805555339506173,-2.342016627469559,8.374264370654014,85.26726072573567,-252.67537290462724,33790.0,-0.7477815119994887,DOLOUSDT,48.30985406968251,ACUUSDT,-9.402834689339146,523,universe=523;SURVIVORSHIP_BIAS_CURRENT_527,COMPLETE
2026-08-17,10,9,1,3,6,0,-17.78317400806209,-20.274282421058057,250.0,-8.109712968423223,6,2,7,1,7.944444228395061,-5.1694475765389365,10.172970861470107,67.48408671767358,-272.9496553256853,34040.0,-0.8018497512505444,TUTUSDT,32.94794257706813,CYSUSDT,-48.409859357763445,523,universe=523;SURVIVORSHIP_BIAS_CURRENT_527,COMPLETE
2026-08-18,10,9,1,5,4,0,81.15462738815653,79.11405007446245,200.0,39.55702503723123,4,1,8,0,21.722221975308642,-1.0628782673809178,6.268732639428484,148.6387141058301,-193.83560525122283,34240.0,-0.5661086601963284,SKYUSDT,41.829217195026075,FOLKSUSDT,-1.6342015928937887,523,universe=523;SURVIVORSHIP_BIAS_CURRENT_527,COMPLETE
2026-08-19,10,10,0,7,3,0,121.12159255055744,118.46103175428216,260.0,45.56193529010852,8,3,7,0,25.874999805555557,-1.334100127936757,11.705963767910834,269.76030665638757,-75.37457349694067,34500.0,-0.21847702462881352,HEMIUSDT,34.87055922200307,DIAUSDT,-5.21271880599875,523,universe=523;SURVIVORSHIP_BIAS_CURRENT_527,COMPLETE
2026-08-20,10,10,0,7,3,0,74.0967474396429,71.25969906592307,280.0,25.449892523543955,6,1,9,0,16.49999975,-4.558372539238667,10.462084477896834,343.8570540960305,-4.114874431017597,34780.0,-0.011831151325525006,AVAAIUSDT,31.17022002736379,METUSDT,-4.679262043438058,523,universe=523;SURVIVORSHIP_BIAS_CURRENT_527,COMPLETE
2026-08-21,10,10,0,8,2,0,83.16835632996558,80.42677215180059,270.0,29.787693389555773,8,2,8,5,19.874999777777777,-11.17631187796513,12.077370032999031,427.02541042599603,76.311897720783,35050.0,0.21772296068697006,BTWUSDT,39.89117218045434,DOLOUSDT,-3.823384289765338,523,universe=523;SURVIVORSHIP_BIAS_CURRENT_527,COMPLETE
2026-08-22,10,10,0,9,1,0,129.1776944725755,126.31310562533922,280.0,45.111823437621155,8,3,7,4,11.124999805555555,-8.896705895711278,12.52309995353004,556.2031048985715,202.6250033461222,35330.0,0.5735210963660408,ZAMAUSDT,48.06314160855184,LAUSDT,-9.153801028682881,523,universe=523;SURVIVORSHIP_BIAS_CURRENT_527,COMPLETE
2026-08-23,10,8,2,2,6,0,-6.466814573871905,-8.063581166584967,160.0,-5.0397382291156045,2,0,8,0,8.124999722222222,-1.6091363079286338,4.229844704436939,549.7362903246996,194.56142217953726,35490.0,0.5482147708637286,CYSUSDT,6.764445938823953,ENAUSDT,-10.566732274923782,523,universe=523;SURVIVORSHIP_BIAS_CURRENT_527,COMPLETE
2026-08-24,10,10,0,3,7,0,-14.511933370751374,-17.304677404066,280.0,-6.180241930023571,5,0,10,0,11.299999722222221,-2.5169165081316556,4.924354979412715,535.2243569539481,177.25674477547125,35770.0,0.4955458338704815,TOSHIUSDT,4.861431417241431,DATAIPUSDT,-6.288210595530298,523,universe=523;SURVIVORSHIP_BIAS_CURRENT_527,COMPLETE
2026-08-25,10,8,2,1,7,0,13.48982072195571,11.483075811594729,200.0,5.741537905797364,1,1,7,0,2.2812497569444443,-2.4973633093954617,2.7127141812003877,548.7141776759038,188.73982058706596,35970.0,0.5247145415264552,TACUSDT,40.07924256860015,SWARMSUSDT,-8.711444617422808,523,universe=523;SURVIVORSHIP_BIAS_CURRENT_527,COMPLETE
2026-08-26,10,10,0,5,5,0,-9.338688816093178,-11.634019471685132,230.0,-5.058269335515274,5,3,7,2,10.499999805555555,-4.1566099666673475,8.672777841041007,539.3754888598106,177.10580111538084,36200.0,0.4892425445176266,BICOUSDT,29.955658661511357,STARUSDT,-30.918699888260363,523,universe=523;SURVIVORSHIP_BIAS_CURRENT_527,COMPLETE
2026-08-27,10,9,1,3,6,0,4.783783210317385,2.781391318712226,200.0,1.390695659356113,2,0,9,0,14.694444166666663,-0.9655816372169033,1.7746895052938596,544.159272070128,179.88719243409307,36400.0,0.49419558361014576,LINKUSDT,3.67541200670643,SKLUSDT,-1.3834951610235788,523,universe=523;SURVIVORSHIP_BIAS_CURRENT_527,COMPLETE
2026-08-28,10,9,1,1,8,0,-48.84867963655354,-51.32425529673527,250.0,-20.529702118694107,4,0,9,1,12.083333055555556,-4.969059140709509,7.312160271173266,495.3105924335745,128.5629371373578,36650.0,0.3507856402110718,EDUUSDT,17.59740032026056,SKRUSDT,-23.564778600615643,523,universe=523;SURVIVORSHIP_BIAS_CURRENT_527,COMPLETE
2026-08-29,10,9,1,3,6,0,-6.547616541087972,-8.544342732817427,200.0,-4.272171366408713,3,0,9,0,9.444444166666665,-0.9373092369014526,1.9887502222626263,488.76297589248657,120.01859440454038,36850.0,0.32569496446279617,EDUUSDT,3.8088445974021736,NEIROUSDT,-5.595384841506277,523,universe=523;SURVIVORSHIP_BIAS_CURRENT_527,COMPLETE
2026-08-30,10,8,2,1,7,0,-53.693740087566596,-55.86689321752281,220.0,-25.394042371601277,1,0,8,0,5.687499722222222,-3.26914156215166,3.1815203133185395,435.06923580491997,64.15170118701758,37070.0,0.17305557374431504,MOVRUSDT,3.197027378854466,COLLECTUSDT,-26.944656989396766,523,universe=523;SURVIVORSHIP_BIAS_CURRENT_527,COMPLETE
2026-08-31,10,10,0,3,7,0,91.85316742405973,89.50724084034769,230.0,38.91619166971639,4,3,7,0,7.799999805555555,-2.0933806546710985,8.91638930855309,526.9224032289796,153.65894202736527,37300.0,0.4119542681698801,CYSUSDT,48.29816630278407,GPSUSDT,-5.885939315630956,523,universe=523;SURVIVORSHIP_BIAS_CURRENT_527,COMPLETE
2026-09-01,10,10,0,4,6,0,-12.37489354207563,-15.068706095304593,270.0,-5.58100225752022,1,0,10,0,9.074999722222222,-1.8154930868660113,2.389729510813927,514.547509686904,138.59023593206066,37570.0,0.3688853764494561,ARBUSDT,2.9610318155746214,ICNTUSDT,-5.296871048508433,523,universe=523;SURVIVORSHIP_BIAS_CURRENT_527,COMPLETE
2026-09-02,10,8,2,1,7,0,-39.14013589353534,-41.02056582558857,190.0,-21.58977148715188,3,0,8,1,8.124999722222222,-3.975346765789342,3.4065729466150523,475.4073737933687,97.5696701064721,37760.0,0.2583942534599367,OPGUSDT,2.684738689440061,ROBOUSDT,-23.206271326792876,523,universe=523;SURVIVORSHIP_BIAS_CURRENT_527,COMPLETE
2026-09-03,10,9,1,6,3,0,34.805203921970445,32.48780132000946,230.0,14.125131008699764,6,0,9,0,20.2777775,-1.0453238064062644,6.905906889473233,510.2125777153392,130.05747142648156,37990.0,0.34234659496309966,EDGEUSDT,14.899276176731012,NIGHTUSDT,-3.3186775098229453,524,universe=524;SURVIVORSHIP_BIAS_CURRENT_527,COMPLETE
2026-09-04,10,9,1,1,8,0,-13.767622185025632,-16.160738373933118,240.0,-6.733640989138799,1,0,9,0,12.611110833333333,-1.8905631392844304,4.178647127394834,496.44495553031356,113.89673305254844,38230.0,0.2979250145240608,SQDUSDT,0.5991351005595329,ACUUSDT,-4.498663882994094,524,universe=524;SURVIVORSHIP_BIAS_CURRENT_527,COMPLETE
2026-09-05,10,9,1,4,5,0,-17.88004686433428,-19.97110684090211,210.0,-9.510050876620053,3,0,9,0,15.444444166666667,-2.183835491095696,3.820370835772012,478.56490866597926,93.92562621164633,38440.0,0.24434346048815386,VETUSDT,5.868203173440583,USELESSUSDT,-19.325398520763635,525,universe=525;SURVIVORSHIP_BIAS_CURRENT_527,COMPLETE
2026-09-06,10,10,0,2,8,0,-12.803644401330713,-15.79724257913005,300.0,-5.265747526376683,3,0,10,0,8.824999722222222,-1.1288952315049638,1.7399013052174617,465.76126426464856,78.12838363251629,38740.0,0.2016736800013327,MIRAUSDT,0.9799846695513671,OGUSDT,-3.795072849076003,525,universe=525;SURVIVORSHIP_BIAS_CURRENT_527,COMPLETE
2026-09-07,10,10,0,3,7,0,-15.790463907249924,-18.2825686752963,250.0,-7.31302747011852,2,0,10,0,9.424999722222221,-1.4810533425414452,3.0944769323809296,449.9708003573986,59.845814957219986,38990.0,0.153490164034932,PRLUSDT,3.5331657584478555,METISUSDT,-14.51709153952358,525,universe=525;SURVIVORSHIP_BIAS_CURRENT_527,COMPLETE
2026-09-08,10,10,0,1,9,0,-53.49954981967049,-56.072800044760655,260.0,-21.566461555677176,2,0,10,1,9.224999722222222,-3.1074404878284825,3.991271036886677,396.4712505377281,3.773014912459331,39250.0,0.009612776847030142,1000000BOBUSDT,2.204960860299276,SOPHUSDT,-33.03263848938764,525,universe=525;SURVIVORSHIP_BIAS_CURRENT_527,COMPLETE
2026-09-09,10,10,0,5,5,0,20.927495532590168,18.217031784823874,270.0,6.747048809194027,4,2,8,0,8.824999777777778,-2.505650967211719,5.759196887305394,417.3987460703183,21.990046697283205,39520.0,0.055642830711749004,KATUSDT,28.16327125434505,SIGNUSDT,-9.232119738223146,525,universe=525;SURVIVORSHIP_BIAS_CURRENT_527,COMPLETE
2026-09-10,10,10,0,2,8,0,6.738754432882566,4.135385055666125,260.0,1.5905327137177405,2,1,9,0,12.57499975,-2.6092502494930003,3.720011912393992,424.13750050320084,26.125431752949332,39780.0,0.06567479073139601,KAVAUSDT,53.79902719983921,UAIUSDT,-18.443580856606467,527,universe=527;SURVIVORSHIP_BIAS_CURRENT_527,COMPLETE
2026-09-11,10,10,0,5,5,0,142.26232023931075,139.8911890791911,230.0,60.82225612138743,6,4,6,0,12.724999833333332,-1.9198226929084483,9.567522141728514,566.3998207425116,166.01662083214043,40010.0,0.41493781762594456,KOMAUSDT,53.968249427352625,AGTUSDT,-6.353896145037512,527,universe=527;SURVIVORSHIP_BIAS_CURRENT_527,COMPLETE
2026-09-12,10,9,1,3,6,0,-2.1201829131900167,-3.81912282173342,170.0,-2.2465428363137767,2,2,7,1,6.944444228395061,-3.0582294654069226,5.183537173642856,564.2796378293216,162.197498010407,40180.0,0.40367719763665255,LSKUSDT,19.889999999999993,龙虾USDT,-31.34731421696497,527,universe=527;SURVIVORSHIP_BIAS_CURRENT_527,COMPLETE
2026-09-13,10,10,0,2,8,0,-41.058185407562114,-43.93765631485833,290.0,-15.150915970640805,3,0,10,0,7.024999722222222,-2.8151782548830764,6.556261162319453,523.2214524217595,118.25984169554867,40470.0,0.2922160654696038,XTZUSDT,7.492222151942401,ALCHUSDT,-16.623178915471296,527,universe=527;SURVIVORSHIP_BIAS_CURRENT_527,COMPLETE
2026-09-14,10,10,0,4,6,0,9.141527908651671,6.536957144697346,260.0,2.5142142864220562,6,2,8,2,11.549999777777778,-4.531544002227312,8.220410198138769,532.3629803304112,124.79679884024601,40730.0,0.306400193567999,KOMAUSDT,49.00121855825676,BRUSDT,-33.9891460792374,527,universe=527;SURVIVORSHIP_BIAS_CURRENT_527,COMPLETE
2026-09-15,10,10,0,2,8,0,8.09881132399582,5.19476191833382,290.0,1.7912972132185587,5,1,9,0,7.449999750000001,-2.48861927720973,6.173303711793063,540.4617916544071,129.99156075857982,41020.0,0.3168980028244267,POWERUSDT,36.166986653181205,CYSUSDT,-12.07690217981518,527,universe=527;SURVIVORSHIP_BIAS_CURRENT_527,COMPLETE
2026-09-16,10,10,0,2,8,0,10.272540235777834,7.467403965659944,280.0,2.6669299877356947,2,1,9,1,6.17499975,-4.299410714798985,5.976923004213333,550.7343318901849,137.45896472423976,41300.0,0.33283042306111327,SYNUSDT,60.412440196768756,CROSSUSDT,-18.56233894406886,527,universe=527;SURVIVORSHIP_BIAS_CURRENT_527,COMPLETE
2026-09-17,10,9,1,2,4,3,10.386491657248127,8.565798411419504,210.0,4.078951624485478,5,0,6,0,25.63888861111111,-0.9389775049783395,5.882085007939362,561.120823547433,146.02476313565927,41510.0,0.35178213234319267,DOODUSDT,3.590079820394009,GASUSDT,-1.3191043596514298,527,universe=527;SURVIVORSHIP_BIAS_CURRENT_527,COMPLETE
2026-09-18,10,6,4,0,4,2,-19.64978120494422,-20.905956314341744,140.0,-14.93282593881553,2,0,4,0,11.999999722222222,-2.513074475018023,6.025148816676648,541.4710423424888,125.11880682131752,41650.0,0.30040529849055825,AWEUSDT,2.3305061528498285,UAIUSDT,-16.53210656584374,527,universe=527;SURVIVORSHIP_BIAS_CURRENT_527,COMPLETE
